{
 "X1": [ 204.5436, 204.5533, 204.5647, 204.5773, 204.5913, 204.6079, 204.6271, 204.6487, 204.6837, 204.7153, 204.7479, 204.7845, 204.8266, 204.8729, 204.9268, 204.9874, 205.0573, 205.1321, 205.2146, 205.3083, 205.4077, 205.5156, 205.6325, 205.7566, 205.8854, 206.0394, 206.2264, 206.5742, 207.2963, 208.5732, 210.2674, 213.1082, 216.0932, 220.0474, 224.4718, 229.9663, 235.6605, 242.9106, 250.2904,  259.982, 269.9679, 277.4568, 286.2319, 295.6185, 305.2667, 318.1511,  330.358, 338.7777, 352.4468, 360.8034, 364.1617, 381.9298, 391.5603, 394.8366,   405.85,  413.636, 425.2011, 437.9546, 440.6686, 450.6213,  453.894 ],
"X2": [ 70.72187, 70.72622,  70.7312, 70.73644, 70.74205, 70.74841,  70.7554, 70.76294,  70.7747, 70.78454, 70.79467, 70.80572, 70.81794, 70.83113, 70.84615, 70.86233, 70.87984, 70.89887,  70.9197,  70.9428, 70.96735, 70.99355, 71.02133, 71.05067, 71.08116, 71.11668,  71.1546, 71.20903, 71.30586, 71.47449, 71.70475, 72.08861,  72.5279, 73.11521, 73.82362, 74.70653, 75.66425, 76.89308, 78.20449, 79.76789, 81.52924, 83.03925,  84.7882, 86.66575, 88.64412, 91.20752, 93.59428, 95.55908, 98.30523, 100.4338, 102.0775, 105.3324, 107.6191, 109.4611,  112.044, 114.1396, 116.8352, 119.7633, 121.4481, 124.0244, 125.9294 ],
"X3": [ 33.84835, 33.85073, 33.85343, 33.85618, 33.85907, 33.86226, 33.86566, 33.86926, 33.87465, 33.87896, 33.88345, 33.88825, 33.89341, 33.89891, 33.90507,  33.9115, 33.91823, 33.92549, 33.93333, 33.94183, 33.95092, 33.96039, 33.97034, 33.98075, 33.99163, 34.00399, 34.01648,  34.0311, 34.05159, 34.08284, 34.12474, 34.19237, 34.27691, 34.39219, 34.53986, 34.72937,  34.9437, 35.22107, 35.53039, 35.87619, 36.28447, 36.68651, 37.15206, 37.64684, 38.20004, 38.87437, 39.52472, 40.11526, 40.87745, 41.55884,  42.1886, 43.06501, 43.80994, 44.57875, 45.41803, 46.19554, 47.10761,  48.0925, 48.88208, 49.81996, 50.70586 ] 
}
